Participant,Epoch,Class,Cluster,PCA_1,PCA_2
c01,0,Class 1,1,-4.083481654260774,-2.143940537885598
c01,1,Class 1,1,0.352204971093049,-2.19797930949581
c01,2,Class 1,1,-2.003647269752309,4.931283645578701
c01,3,Class 1,1,-1.7626775194687387,3.1947814746924337
c01,4,Class 1,1,-2.6721542913724803,3.868560235564568
c01,5,Class 1,1,-4.103028470090178,-1.004520653638351
c01,6,Class 1,1,-4.73829813607431,7.501372543819442
c01,7,Class 0,1,1.293853925017345,-1.5892506039523544
c01,8,Class 1,1,-6.051381553288085,5.16100922371671
c01,9,Class 0,1,4.134360281998614,-4.266752295491507
c01,10,Class 0,1,-3.668175154606132,3.651427731756817
c01,11,Class 1,1,2.6236888922281287,-7.277833848287625
c01,12,Class 0,1,-0.9672484943953612,-7.351659576587261
c01,13,Class 0,1,-0.9754378057759115,-1.0603794935536417
c01,14,Class 0,1,-0.6740179981841542,-0.921177198140978
c01,15,Class 1,1,4.684989105666205,-3.90312601034533
c01,16,Class 1,1,5.159705600903643,-3.880170516983166
c01,17,Class 1,1,-4.745468118200133,6.852933746767081
c01,18,Class 1,1,-5.728683100560069,2.619454770494752
c01,19,Class 1,1,3.014040459399665,-8.160584435434137
c01,20,Class 0,1,-0.9957097309401068,2.8057986370946644
c01,21,Class 1,1,-3.584294740896389,6.4089165373559
c01,22,Class 1,1,-4.170031621156741,-1.4788458322120566
c01,23,Class 1,1,4.361647616525482,-4.159854288464236
c01,24,Class 1,1,3.951477198546158,-7.506998290077243
c01,25,Class 1,1,1.4092273435846607,-0.6799899260076763
c01,26,Class 0,1,1.5713106439964073,3.3702012910663126
c01,27,Class 0,1,0.7459882181722215,-5.428227759171167
c01,28,Class 0,1,0.455129786244233,-0.2746784410712525
c01,29,Class 1,1,-2.118503405992985,-1.2044265126053664
c01,30,Class 1,1,-3.166956820120165,4.46438297547207
c01,31,Class 1,0,27.64903162732837,11.249643521459994
c01,32,Class 0,1,4.6918116272864845,8.905929903465264
c01,33,Class 0,1,0.5513303290213504,-2.183876770937402
c01,34,Class 0,1,2.0346813692561416,2.3824845881050374
c01,35,Class 1,1,-3.5772802916211064,-0.1709656328342405
c01,36,Class 1,1,4.196394623050134,3.2248570438332207
c01,37,Class 1,1,1.7240200278867983,-2.7896166340942936
c01,38,Class 1,1,2.1390005151780107,-0.5873342012070707
c01,39,Class 0,1,-2.317216303969708,-2.2178140938579074
c01,40,Class 0,1,0.0854004845786367,-3.5126661353761515
c01,41,Class 0,1,-2.7588989831166355,-1.9208326124581456
c01,42,Class 1,1,3.843293237573439,0.3794605027348813
c01,43,Class 1,1,-6.546547329466148,3.9310182477264712
c01,44,Class 0,1,-2.304776098203463,-1.5603771809982412
c01,45,Class 0,1,-2.2354035696837578,0.4852249698603221
c01,46,Class 0,1,-3.0890752271746087,3.795916629352071
c01,47,Class 1,1,-0.3997991795162929,6.270685844798926
c01,48,Class 1,1,6.561862334363266,1.5514170917502257
c01,49,Class 1,1,2.399335632819706,0.4984772246962645
c01,50,Class 0,1,-1.536531711215805,1.0133187730817914
c01,51,Class 0,1,3.332728334975062,-2.527459717396237
c01,52,Class 0,1,2.1801323856665857,0.4830042553826826
c01,53,Class 1,1,6.981056736848012,-0.8410357075171633
c01,54,Class 1,1,-3.325741698548521,3.015243827747241
c01,55,Class 0,1,-2.677485778502294,-0.4646643224228127
c01,56,Class 0,1,-1.7656131146471818,6.160989936121959
c01,57,Class 0,1,-0.6623373938773824,4.289831108090715
c01,58,Class 1,1,-4.4383764034064415,2.0281089763949134
c01,59,Class 0,1,-0.1943565650456566,-2.501524271258673
c01,60,Class 1,1,1.2464792406945329,-2.581075260405829
c01,61,Class 1,1,-2.000203797779655,1.9832252430905424
c01,62,Class 0,1,-2.493466605481573,3.3418489404834104
c01,63,Class 0,1,4.9835081109841655,-3.587135313539485
c01,64,Class 0,1,-0.560095909106641,0.2232250414995985
c01,65,Class 1,1,0.4147168863322,0.1072402680288425
c01,66,Class 1,1,-2.11653102854099,1.6791607269557691
c01,67,Class 0,1,-1.5351227923798316,-0.1854141253328904
c01,68,Class 0,1,-1.6600007732864763,-1.761687676314332
c01,69,Class 0,1,4.215404357143336,-3.519252908683278
c01,70,Class 1,1,4.141834724910515,-2.954703945160928
c01,71,Class 0,1,-1.1857859220900435,-2.5049727802905872
c01,72,Class 0,1,-3.3664896263700563,-4.681082918548391
c01,73,Class 0,1,-2.273004744536703,-4.747279306361514
c01,74,Class 1,1,3.719201195170206,2.902266837678801
c01,75,Class 1,1,-3.177422669494205,0.5919919527769404
c01,76,Class 0,1,-2.1413657088549507,-2.0892391595240025
c01,77,Class 0,1,1.1638636017184352,2.305605099976591
c01,78,Class 0,1,-1.4988925030344256,-0.8193046974429893
c01,79,Class 1,1,-2.331673085933786,-4.530452017409915
c01,80,Class 0,1,-1.671844259336454,-3.5158505719526207
c01,81,Class 0,1,-1.4990878378241912,-4.38798462442237
c01,82,Class 0,1,1.5369113710188071,0.0036987466802953
c02,0,Class 1,0,-8.088159579946629,-5.788987788767266
c02,1,Class 1,0,-1.3537074768459223,0.1697194550663904
c02,2,Class 1,0,-3.701019037881733,0.7414900377435936
c02,3,Class 1,0,-3.2851598236946127,-1.472403712862707
c02,4,Class 1,0,-5.107065935294819,-0.1361435319158347
c02,5,Class 1,0,2.344357599043605,0.9446847444431566
c02,6,Class 1,0,-8.872779211951938,-5.713551663088904
c02,7,Class 1,0,0.1709806261685777,1.469729702823128
c02,8,Class 1,0,-1.1462446651220553,5.6672566983420944
c02,9,Class 0,0,-5.6009564310383615,2.1351995039918017
c02,10,Class 0,0,-4.091602564357058,-0.8911861895507683
c02,11,Class 0,0,-5.204254301396868,-3.560138184165791
c02,12,Class 1,0,8.333541899202778,4.965442233295082
c02,13,Class 1,0,-5.565507312919717,-1.7984624468374213
c02,14,Class 1,0,2.3006338573561886,3.0965252525381404
c02,15,Class 0,0,-4.007115619941974,-1.798542624597964
c02,16,Class 0,0,-5.6478005786331895,-3.053588514481405
c02,17,Class 0,0,3.5946892436449924,4.666271450308694
c02,18,Class 1,0,-1.5918575412255946,-13.550721627171123
c02,19,Class 1,0,-1.433721629367788,-1.962999257165872
c02,20,Class 1,0,-4.435655072189168,-5.503736058430246
c02,21,Class 0,0,-1.859380122467189,2.0902924007991954
c02,22,Class 0,0,-1.2547134837327638,3.141976998300198
c02,23,Class 0,0,9.598644677715916,-1.085492790939859
c02,24,Class 1,0,-1.3725381096146094,2.675956707938337
c02,25,Class 1,0,5.480351838651724,-6.147578338699407
c02,26,Class 0,0,-0.934821246271704,3.248437667023693
c02,27,Class 0,0,3.3016716075938537,1.3208080160949394
c02,28,Class 0,0,-4.040348241791113,1.5614335451377888
c02,29,Class 1,0,-3.7035402678013103,-4.2220805349724575
c02,30,Class 1,0,5.391890256860642,4.050818431306194
c02,31,Class 1,0,3.2369649659857926,1.9340102702089823
c02,32,Class 1,0,0.7894104541483636,-6.994168326082939
c02,33,Class 0,0,-2.1413831528923564,-0.7411844690107996
c02,34,Class 0,0,-2.1858291011071582,-2.367241255012236
c02,35,Class 0,0,-1.9047896268651696,-2.912943223360388
c02,36,Class 1,0,6.062132038726712,8.68641539860766
c02,37,Class 0,0,-3.996724298817634,1.0432559759591782
c02,38,Class 0,0,1.0990710002726538,8.522192812119334
c02,39,Class 0,0,2.1886083886102043,4.5719366246178
c02,40,Class 1,0,-3.662904761086888,-1.7910633948099506
c02,41,Class 0,0,2.8594981518113367,5.449700125861734
c02,42,Class 0,0,-2.7384506834529536,5.84627983448158
c02,43,Class 0,0,-2.743170551823467,4.958512674786024
c02,44,Class 1,0,-0.086766319378451,3.9106629135185855
c02,45,Class 0,0,-7.056413999947051,-0.9658575928888682
c02,46,Class 0,1,24.39312291159436,-5.29632661649364
c02,47,Class 0,0,2.241293641119398,1.8000163054579177
c02,48,Class 1,0,-1.0364321785067774,-4.640137316340968
c02,49,Class 1,1,24.241946612775397,-10.70813850649892
c02,50,Class 1,0,0.0291166214326366,-1.0920292173427777
c02,51,Class 0,0,-5.3999558877460645,-2.2131877735055867
c02,52,Class 0,0,3.953600871105286,-7.184750716423417
c02,53,Class 0,0,0.8745612112890971,4.717024924979498
c02,54,Class 1,0,-1.04830928479958,6.533941188691667
c02,55,Class 1,0,-7.146297384533143,-7.8932291752327535
c02,56,Class 1,0,6.4105925179187455,4.407722362825157
c02,57,Class 1,0,7.921765850010592,6.277406083012639
c02,58,Class 1,0,-8.941414502635528,-3.028814364251672
c02,59,Class 0,0,-1.4085062520400529,3.796519013476937
c02,60,Class 0,0,2.7987460807284976,3.24797064234808
c02,61,Class 0,0,7.037531115948736,5.973419494941211
c02,62,Class 1,0,-4.3686343563638905,-6.246536329399963
c02,63,Class 1,0,-1.7095501525281018,4.37411745079102
c02,64,Class 0,0,-4.36080271540871,1.4311049342327695
c02,65,Class 0,0,11.826019265608023,-15.211135891048777
c02,66,Class 0,0,-0.1608358263574357,0.0116707336926172
c02,67,Class 1,0,-2.184120981658162,-2.5573749627787623
c02,68,Class 0,0,3.8112866887304615,6.247717401404253
c02,69,Class 0,0,-0.0185139618389659,5.884454433175406
c02,70,Class 0,0,-5.69427576078091,-3.042362050213036
c03,0,Class 1,1,0.666695751042411,1.739194583863512
c03,1,Class 1,1,1.7018640794111992,-0.6701226806504501
c03,2,Class 1,1,4.1498760036949545,-5.343995315126991
c03,3,Class 1,1,8.723439176439042,-0.8448573553681472
c03,4,Class 0,0,4.19009118901635,5.410002651772749
c03,5,Class 0,2,-2.6858861364209163,1.5237467000914475
c03,6,Class 1,0,15.300923697560682,10.36594848380177
c03,7,Class 0,0,2.947709592428945,4.380491258111129
c03,8,Class 0,1,4.069117909802703,-2.559050470805786
c03,9,Class 0,1,7.815133005566862,1.3394565806908774
c03,10,Class 1,0,-0.8110344069833293,7.653802591742161
c03,11,Class 1,1,8.916540031109317,1.2158451342144412
c03,12,Class 1,1,-0.974609502421622,-3.859580344362532
c03,13,Class 1,1,0.1934646367331512,3.868430274004097
c03,14,Class 1,1,2.208249393874972,-1.430172992907901
c03,15,Class 0,0,4.190702948458255,0.8078550837439539
c03,16,Class 0,1,3.8864644320261386,-5.808606218855357
c03,17,Class 0,0,7.700196923375285,11.63730685107703
c03,18,Class 1,1,2.7821210216577845,1.871972391472709
c03,19,Class 1,1,12.993262298567798,-2.3999971133688023
c03,20,Class 0,1,1.4470466041435874,-0.6533031149037924
c03,21,Class 1,2,-5.125013196560183,2.0696362018950483
c03,22,Class 1,1,9.204856392319726,1.5499040861772222
c03,23,Class 0,2,-9.66596149055568,-3.830344120836021
c03,24,Class 0,1,4.935185300325825,-4.25349727200457
c03,25,Class 1,2,-2.475005847736079,0.7022385851378131
c03,26,Class 0,1,0.8720495708836693,-1.8908466724317023
c03,27,Class 0,2,-9.082103751076474,7.339216525840204
c03,28,Class 0,1,5.82006787661128,-0.5762795410122484
c03,29,Class 1,1,4.539362094372289,-1.3665138494562694
c03,30,Class 1,2,-10.431002681373306,-3.488230472073087
c03,31,Class 0,1,-1.9753955211317984,-2.711664516810647
c03,32,Class 0,1,1.3183934809395026,5.320517152999567
c03,33,Class 0,2,-5.096841639171822,-2.496971791294639
c03,34,Class 1,1,1.6823342787309268,5.138111114287437
c03,35,Class 0,1,-0.161041855288544,-2.7275849593614
c03,36,Class 0,2,-5.773253122787964,4.518590689093403
c03,37,Class 0,1,-3.6685075613828473,-4.898079769829443
c03,38,Class 1,2,-4.496245788050608,0.0482532892488525
c03,39,Class 0,1,7.639898581847926,-3.2806108054514325
c03,40,Class 0,1,4.708543206792378,-6.260785508214633
c03,41,Class 0,1,-2.576060568086159,-1.998337165444726
c03,42,Class 1,1,2.4890240760663027,-3.27031732862776
c03,43,Class 0,0,1.5803924692985063,5.091453098167365
c03,44,Class 0,2,-4.351332121886966,3.3542258570685526
c03,45,Class 0,0,-1.197113700236793,7.64548746098117
c03,46,Class 1,2,-7.50452081284012,-1.4700105312951952
c03,47,Class 0,1,1.564345809728761,-6.096264141907603
c03,48,Class 0,1,3.174814770347374,-5.560933192219482
c03,49,Class 0,2,-6.531275633166237,9.826641773040318
c03,50,Class 1,1,1.059515531559424,2.301343045892734
c03,51,Class 1,1,2.222536244891538,-3.5602576440259788
c03,52,Class 1,1,-2.0035099063316024,3.266378274978797
c03,53,Class 0,1,0.5205241021424477,-2.864984439163209
c03,54,Class 0,2,-4.580265920244272,-2.734677788541355
c03,55,Class 0,2,-5.0972249529887605,-4.743070949485289
c03,56,Class 1,2,-6.207989242791116,-4.432882337161331
c03,57,Class 1,2,-7.7722782697363,0.0529791106672436
c03,58,Class 0,1,1.5272948402417108,0.9416010398927788
c03,59,Class 0,1,4.074999977056158,-4.418828943626019
c03,60,Class 0,2,-1.4010773372871648,4.988272912835359
c03,61,Class 1,1,0.3784541291225833,-2.779454090389068
c03,62,Class 1,2,-9.306072525664908,1.2966825726071864
c03,63,Class 1,2,-7.970906090874693,4.238505572768983
c03,64,Class 1,1,0.4204766968988095,-6.615145714568829
c03,65,Class 1,1,-1.7287275440777556,-6.345285939868893
c03,66,Class 0,1,-2.2656766657289165,-1.6026550761962592
c03,67,Class 0,2,-13.48188477717575,1.215981771338238
c03,68,Class 0,1,-2.0596691163081107,-3.380657184419245
c03,69,Class 1,2,-8.678037980133372,-1.1183138335756757
c03,70,Class 1,0,-3.1895216885642945,11.03637243979326
c03,71,Class 0,1,4.019111538313791,-2.9670520510102016
c03,72,Class 0,1,-1.559473667997902,-4.08538076082836
c03,73,Class 0,1,4.2494413596620255,-2.36084116181709
c04,0,Class 1,1,4.911976376008458,2.562065740824319
c04,1,Class 1,1,2.8919309681819807,5.420573470731418
c04,2,Class 1,2,19.0117338281848,27.58223857085171
c04,3,Class 1,1,5.669269698535017,-2.480565439263936
c04,4,Class 1,1,3.286548510291263,0.4598606442629985
c04,5,Class 1,0,-7.445046205398366,13.23273171932097
c04,6,Class 1,1,3.229107241782791,-3.685673071998129
c04,7,Class 1,1,11.804574147959714,3.026948136154344
c04,8,Class 1,1,3.2084322488477297,-0.8378980251717167
c04,9,Class 1,1,6.667010380952717,-0.9823913455727148
c04,10,Class 0,1,6.237464724403252,-3.841667713100071
c04,11,Class 0,1,-1.3610564356254284,-3.558791153195983
c04,12,Class 1,1,1.5622584264831012,-3.666106552181293
c04,13,Class 1,0,-7.208959506996184,0.1633480805386502
c04,14,Class 1,1,1.875268775832536,1.4386793574696133
c04,15,Class 0,1,-0.0511463392519267,-1.5156055758821196
c04,16,Class 1,1,12.5265131477462,3.5054371924280585
c04,17,Class 1,1,6.210619079962606,-1.3624536394792663
c04,18,Class 0,0,-2.2277586096002664,-3.2393043942365485
c04,19,Class 1,1,6.595833058739871,1.9875057995011511
c04,20,Class 1,0,-3.2170588760954675,2.0851540091519
c04,21,Class 1,0,-2.554654133496126,-1.1440117629243214
c04,22,Class 1,0,-4.057630677071219,3.2882647817901685
c04,23,Class 1,1,3.729372307919244,-1.689921194489171
c04,24,Class 1,1,-0.2116589882482301,-5.860821258778554
c04,25,Class 0,1,1.8473252226676389,1.766793114596345
c04,26,Class 0,0,-4.462988696252715,4.550680709132717
c04,27,Class 0,0,-2.2287236831875394,-1.608001263496165
c04,28,Class 1,0,-8.71477448089087,3.4219355286803674
c04,29,Class 1,1,1.8689275943827564,-0.0935027695741315
c04,30,Class 1,0,-1.0797554337376878,2.455631846065404
c04,31,Class 0,0,-5.056141977271276,1.8460767238961435
c04,32,Class 0,0,-6.228714895350623,-1.1320643966152182
c04,33,Class 1,0,-3.2023159028016703,-3.252617207086216
c04,34,Class 0,0,-6.208535185752395,-0.5402347521858841
c04,35,Class 0,1,0.0696851879843467,1.8366152118087928
c04,36,Class 0,1,0.7376420740949942,0.5131296502868571
c04,37,Class 1,0,-4.461881067370334,5.562517043393897
c04,38,Class 1,1,4.663635796480387,-1.7956559525636473
c04,39,Class 1,1,4.514149141024028,-2.280907085310653
c04,40,Class 0,1,2.603572557130988,-3.6737773790470425
c04,41,Class 0,1,0.8198453676400179,-0.6409190848646013
c04,42,Class 0,0,-8.413685297211506,-0.9419137363710124
c04,43,Class 1,1,-0.5668155879212438,-6.680758280323137
c04,44,Class 1,1,2.688566429745183,5.132298757575876
c04,45,Class 0,0,-3.3175817352562955,-1.5730560723880096
c04,46,Class 0,0,-2.761565639342824,1.0994102230038312
c04,47,Class 0,0,-1.2403764518807037,-0.4354212133013152
c04,48,Class 1,1,1.6820685705551988,0.7326680937642204
c04,49,Class 1,1,10.214669440675584,5.385692454921472
c04,50,Class 0,1,1.8444869054829571,-2.765659022763256
c04,51,Class 0,0,-4.734462904584474,0.2777148154088122
c04,52,Class 1,1,-1.833329510012033,-3.804009154447384
c04,53,Class 0,1,10.004102952788855,1.2184841583970911
c04,54,Class 0,0,-3.4195241643487333,4.916631145461934
c04,55,Class 0,0,-1.1565349108278786,3.70767327685337
c04,56,Class 1,0,-3.4735025949652383,4.265829340884803
c04,57,Class 0,1,3.7696470225287695,-4.617980375626147
c04,58,Class 0,1,3.976482931865378,-2.402230800248254
c04,59,Class 0,1,5.548429624951709,-5.207253377389381
c04,60,Class 1,1,2.2858568208683536,0.6579888998095867
c04,61,Class 1,0,-5.170654644742417,-2.9491529842766195
c04,62,Class 0,1,-1.0804230184941748,-4.756895605171308
c04,63,Class 0,1,-0.477758360923111,-5.377490239813709
c04,64,Class 0,0,-2.865064525128328,-0.3498754287180677
c04,65,Class 1,1,3.580589256952026,-3.8904941921445126
c04,66,Class 0,0,-3.068678493271329,-1.5291592582989673
c04,67,Class 0,0,-6.191246668044514,2.803104318679864
c04,68,Class 0,1,2.9645046211434924,-1.789841892793609
c04,69,Class 1,0,-4.067641403449399,-2.6692533302685373
c04,70,Class 0,1,0.4218059037713831,-1.8600713867273533
c04,71,Class 0,1,1.007952665353952,-1.576058979083342
c04,72,Class 0,0,-5.845849955179224,2.0127123559544167
c04,73,Class 1,1,2.815892830913623,-3.028462015794456
c04,74,Class 0,0,-2.063775865708409,-2.049611711231881
c04,75,Class 0,1,1.902970844050485,-2.0557235941222305
c04,76,Class 0,0,-11.317775498070612,11.846294841225903
c04,77,Class 1,1,2.340559928717258,-3.2814985460974118
c04,78,Class 1,0,-3.315739898740982,-2.684654667324788
c04,79,Class 1,0,-8.81060553781788,1.336659077253283
c04,80,Class 1,1,1.5492723941106352,-2.5267854593195245
c04,81,Class 0,0,-4.34182345635088,-3.3085088274678927
c04,82,Class 0,1,2.7715381730409363,-2.566040106730258
c04,83,Class 0,1,0.2531569509356295,-3.508032443097493
c04,84,Class 1,0,-23.29126590178323,7.978093348857116
c04,85,Class 1,1,2.802722808742125,-4.766791578833479
c04,86,Class 0,0,-5.028497678463129,0.4516436584425504
c04,87,Class 0,1,3.608885055430351,-2.5934564967556075
c04,88,Class 0,1,3.256122801056521,-4.10005430343366
c05,0,Class 1,0,3.750962244260382,-0.4132849194963108
c05,1,Class 1,1,-1.0885985394629192,-5.43484727538183
c05,2,Class 1,1,1.5130642686748268,-1.8941911330309376
c05,3,Class 1,0,-0.6423858845613316,-4.508626042629711
c05,4,Class 0,0,4.458231378597277,1.4500660381140469
c05,5,Class 0,1,1.0476805373785516,-3.4248158435912206
c05,6,Class 0,0,5.874995719886564,3.541483982505357
c05,7,Class 1,1,-1.0800101354528202,-2.7463181448695435
c05,8,Class 1,0,5.770432113828962,1.548274471937135
c05,9,Class 0,1,0.0238663922937895,3.4301498094456457
c05,10,Class 0,0,6.990512993652513,-1.294610591995449
c05,11,Class 0,0,3.802532906818204,-3.3720929902164243
c05,12,Class 1,0,6.386114976705703,3.1825837187680555
c05,13,Class 1,1,-1.8916173662830635,-0.0767006138391288
c05,14,Class 0,1,-4.902058368252048,10.04951929917831
c05,15,Class 0,0,1.4942443435570345,0.5673985286880825
c05,16,Class 0,1,-1.7046989185511292,5.197454330849727
c05,17,Class 1,0,5.074079887260003,2.305477594904004
c05,18,Class 0,0,2.7315059244866933,1.6128423611012324
c05,19,Class 0,0,-0.2188160545134774,6.565101518701952
c05,20,Class 0,0,8.040766590677222,2.759064284627195
c05,21,Class 0,1,0.1093959328864241,-5.716244977198889
c05,22,Class 0,0,3.057261987165359,-1.5232710308318331
c05,23,Class 0,0,12.1310540545685,2.607157999667613
c05,24,Class 1,0,2.893321581012456,3.277508564594703
c05,25,Class 0,0,3.4815925851231304,3.824070853743099
c05,26,Class 0,1,0.4449975951300679,3.3603815274845985
c05,27,Class 0,1,-3.678401830078169,1.2529731858670912
c05,28,Class 1,1,-0.1917410711430418,-2.266219388139128
c05,29,Class 1,0,9.265033345787892,-1.4187075526241135
c05,30,Class 0,0,2.746787778846255,-1.2418340160968269
c05,31,Class 0,0,9.192184066308211,-0.6896323785296142
c05,32,Class 0,1,-6.93503055904153,-0.4855472260314717
c05,33,Class 1,1,-1.2996704715146268,-1.48168716589567
c05,34,Class 0,1,-5.376148149255734,-6.311547230254268
c05,35,Class 0,1,-6.853075713828864,-4.760392826342288
c05,36,Class 0,0,-0.069411557923701,0.1869689176027688
c05,37,Class 1,1,-3.0766698121711595,-5.261531382875229
c05,38,Class 0,1,-4.862938122377994,6.999370609752511
c05,39,Class 0,1,-1.511654758375224,-4.347780273904957
c05,40,Class 0,1,-3.3108426986060597,0.710527998986362
c05,41,Class 1,0,2.257053083526811,-3.2548254551121483
c05,42,Class 1,1,-2.855926103592933,0.5204668550077641
c05,43,Class 1,1,-8.568925807563676,-4.9458236449104485
c05,44,Class 0,1,-13.346638416936829,15.459708403425529
c05,45,Class 0,0,3.7018535744756624,3.982734286747594
c05,46,Class 0,1,-7.003738198747541,-4.268664626086432
c05,47,Class 1,0,3.936017028982146,-0.6928453027932067
c05,48,Class 1,1,-4.872875446329594,-5.23373029815709
c05,49,Class 1,1,-2.2038562595219844,3.2536588956299983
c05,50,Class 0,1,-1.3885573299732643,-0.2692785031584588
c05,51,Class 0,0,4.857466800921464,-1.5992227090279278
c05,52,Class 0,1,-0.224055103776899,-2.045598353171203
c05,53,Class 1,1,-3.2047259980539016,-4.897816832576783
c05,54,Class 1,1,-4.012986804799682,-3.269347911244415
c05,55,Class 0,1,-6.716684299409685,0.5158953996236751
c05,56,Class 0,1,-5.966793104589359,1.3706707355635095
c05,57,Class 0,1,-5.973476808123888,-0.3844735325046113
c06,0,Class 1,1,-0.7813100356960897,-2.203734410128335
c06,1,Class 1,0,8.779288223919629,-3.340660811579629
c06,2,Class 0,1,-0.5160223332462687,-2.210147627163201
c06,3,Class 0,1,-1.3677116398285152,-2.122654078463976
c06,4,Class 0,1,-4.92330235041744,-0.5795766792283673
c06,5,Class 1,1,-2.413019712272698,-4.574323670765593
c06,6,Class 1,1,-0.8360627997312577,-3.383391867281188
c06,7,Class 1,1,-3.38433832038376,-2.121509009205236
c06,8,Class 1,1,-1.3355351904507455,-2.266725211705284
c06,9,Class 1,0,4.032555243699902,5.351717470565118
c06,10,Class 1,1,0.3570753338137573,15.063378901400196
c06,11,Class 1,1,-4.146557685724245,4.912052515074738
c06,12,Class 1,0,5.807646374597651,-3.02766385357498
c06,13,Class 1,1,-3.065454019274118,-1.8449631146467875
c06,14,Class 0,1,-12.365860096884946,4.7091478066835615
c06,15,Class 1,0,3.392255896071779,-5.23649362724728
c06,16,Class 0,1,-4.280778417153915,1.782856765444543
c06,17,Class 0,1,-0.4530117387938284,2.627001662673892
c06,18,Class 0,1,-7.706332852920448,-2.3139189279884693
c06,19,Class 1,1,-9.252059274957691,0.9282062931010548
c06,20,Class 1,1,2.1852342616756144,1.3009504803385952
c06,21,Class 1,1,-1.2738099173165205,-0.5437601246926996
c06,22,Class 1,1,-3.309919854282765,-0.0976675818337044
c06,23,Class 0,0,6.890642573238592,-3.934077572035322
c06,24,Class 0,0,4.812912302899909,16.101555816243042
c06,25,Class 0,0,0.4195954187735398,-4.936580757333344
c06,26,Class 1,1,-8.213016321861593,-0.3890191046942799
c06,27,Class 1,1,-3.561022434217828,1.740664295255474
c06,28,Class 1,1,-3.5644634494586542,2.51892183089719
c06,29,Class 0,1,1.3907594117667237,-0.2350036150671491
c06,30,Class 0,1,-5.093728364822374,4.6557618945125245
c06,31,Class 0,1,-4.304983054505092,-3.703430629415303
c06,32,Class 1,0,15.971113475398026,9.169676451404555
c06,33,Class 1,0,4.080809567362878,-1.3694245192507006
c06,34,Class 1,0,2.0100188808881887,1.92887502014044
c06,35,Class 0,0,1.904546382065008,-5.622323683086512
c06,36,Class 0,0,4.783663652875439,-2.861487043099104
c06,37,Class 0,1,0.2805695122777256,-2.423682080980566
c06,38,Class 0,0,3.697612004911935,-3.119696395899499
c06,39,Class 0,0,2.047200448850591,-2.3690395051058144
c06,40,Class 0,0,3.696768741405651,0.6576564437840602
c06,41,Class 1,0,7.692549848815386,0.6531682292844463
c06,42,Class 1,1,-0.4261978076669472,5.614690678929668
c06,43,Class 1,0,4.582846948053717,-0.6582283477325287
c06,44,Class 0,0,1.790946360406314,-2.2710523471552144
c06,45,Class 0,0,3.1422771388074526,-5.746860971484932
c06,46,Class 0,0,9.310384991955416,-3.834615869285032
c06,47,Class 0,1,-8.027347839790833,-3.844925214682573
c06,48,Class 0,1,-2.397463676006369,6.745673124476948
c06,49,Class 0,1,-6.486259019173779,-3.030823922392008
c06,50,Class 1,0,2.2216486326916263,2.118787983289351
c06,51,Class 1,1,-3.5602068950961336,-4.592851376563468
c06,52,Class 0,0,6.723935618983908,-3.702336041492861
c06,53,Class 0,1,0.6992378668696496,1.1355511015841888
c06,54,Class 0,1,-0.9399783174150194,-0.679501145568937
c06,55,Class 0,0,1.792193284372504,3.6562294581085006
c06,56,Class 0,0,1.6985817630966138,-2.064501226693778
c06,57,Class 0,1,-7.098373522594118,-4.182615595144885
c06,58,Class 1,0,3.2147070103700823,-2.922224780210528
c06,59,Class 1,0,2.08609366266581,3.1630569107549005
c06,60,Class 1,0,4.847623247034512,-0.9122486300681356
c06,61,Class 0,0,2.8743888787677325,1.059370100444596
c06,62,Class 0,0,3.765928306979802,-0.8300555325019962
c06,63,Class 0,1,-5.723028493031387,1.623390927113648
c06,64,Class 1,1,-5.9246594041951415,2.441515566031432
c06,65,Class 1,0,3.400497760626496,-0.620195255469366
c06,66,Class 0,1,-7.199758774669943,2.157406508152303
c06,67,Class 0,1,-6.812170135228135,2.748216436348942
c06,68,Class 0,0,4.359634722079056,0.1585110858806652
c07,0,Class 1,1,-2.890915683397226,-0.2193024191120254
c07,1,Class 1,1,-6.837838798719052,0.7197274800811503
c07,2,Class 1,1,-3.983567951098,1.0413151469352293
c07,3,Class 1,1,-5.376982316977853,-1.16307872249581
c07,4,Class 1,1,-5.542608470180362,-2.129041107481572
c07,5,Class 1,1,1.8611981872741368,-8.815865746200922
c07,6,Class 1,1,-5.107743012670032,12.932083237252126
c07,7,Class 1,1,-3.984644524760851,1.6330950311435044
c07,8,Class 1,0,12.404487552616352,12.033296666576472
c07,9,Class 0,1,-0.5001563616055762,-1.950139308226625
c07,10,Class 0,1,-0.9198836017201246,-6.904137720317709
c07,11,Class 0,1,0.8053095375516239,-3.3031837208090358
c07,12,Class 1,1,-1.942425593446236,2.635847245479064
c07,13,Class 1,1,0.6692337444622237,-3.611059389810829
c07,14,Class 0,1,-1.1837173489155126,-2.570928764554876
c07,15,Class 0,1,-2.567405585753931,3.079728012693707
c07,16,Class 0,1,-4.0128055203389446,3.5743585759236125
c07,17,Class 1,1,2.874189959088123,0.1559897607525619
c07,18,Class 1,1,-1.9272542351693849,-4.876919734110694
c07,19,Class 0,1,-1.9067500102958648,2.644729836926937
c07,20,Class 0,0,21.70698900050552,1.6950221900385285
c07,21,Class 0,1,-7.283333410677099,3.6547988211081632
c07,22,Class 0,1,2.066265308204924,-1.765917617706811
c07,23,Class 0,1,-5.517664387415763,1.884161874956195
c07,24,Class 1,1,-1.415912495948087,-1.6640460094772318
c07,25,Class 1,1,-1.6936871219864549,1.1346080701576575
c07,26,Class 1,1,-2.0050338020781893,-0.4783405163716769
c07,27,Class 1,1,-0.5243276635487872,2.392435006452438
c07,28,Class 0,1,-3.313837183236826,1.0940336648322793
c07,29,Class 0,0,6.149783226315899,5.694564904891562
c07,30,Class 0,1,-1.956173341111396,4.627803661389002
c07,31,Class 1,1,-2.568883990220268,-2.5536701674433195
c07,32,Class 0,1,1.4936942560122888,-8.13869212731046
c07,33,Class 0,1,-4.167480653247576,0.7609555918896957
c07,34,Class 0,0,7.155735893412386,2.672309836370658
c07,35,Class 1,0,10.012087444776965,-3.7007302189352913
c07,36,Class 1,1,-3.2231985887845545,-1.0908657665542325
c07,37,Class 1,1,-0.3624266117582073,-3.356046134251353
c07,38,Class 0,1,-4.866754327525861,-0.2434592303382248
c07,39,Class 0,1,-6.949680755633429,2.085190781356965
c07,40,Class 0,1,0.9089596602377702,-0.9082778095132408
c07,41,Class 1,0,10.98384342030728,7.626555452018358
c07,42,Class 1,1,-5.162341835115825,-1.1467720834020338
c07,43,Class 0,1,-0.0014419398104659,-4.081883438062782
c07,44,Class 0,1,-1.6937145863815657,-2.7263839999145505
c07,45,Class 0,0,8.775418644072367,4.081186264531706
c07,46,Class 1,1,-1.6915269407290243,5.495816495318993
c07,47,Class 1,1,-4.770708479261449,0.3726026870398423
c07,48,Class 0,0,-2.4535541180615072,8.776354082722706
c07,49,Class 0,1,-1.8609826301767065,-0.6058012363135202
c07,50,Class 0,1,-2.938598543486638,1.485772336989841
c07,51,Class 0,1,6.009665418092494,-9.99906173569958
c07,52,Class 0,1,-0.123140553007509,-2.2186371712875856
c07,53,Class 0,1,5.149026930636209,-2.5291803614445563
c07,54,Class 1,1,-0.1073027088888583,-3.373049069479721
c07,55,Class 0,1,3.808820798122194,-5.105735189971951
c07,56,Class 0,1,-2.9731843057792053,4.0176363955534455
c07,57,Class 0,1,-1.638826592555547,-1.1222450051978308
c07,58,Class 1,1,0.2707726035505994,1.4512085492187934
c07,59,Class 1,1,0.5941414301212101,0.8293437507060571
c07,60,Class 1,1,-2.169824300699961,1.887695957746222
c07,61,Class 0,1,0.139114124785135,-2.987731751933298
c07,62,Class 0,0,8.377054629511717,3.8525880482762775
c07,63,Class 0,1,-6.7372375561100295,3.720954245046877
c07,64,Class 1,1,6.848249441680949,-2.4048937623767657
c07,65,Class 1,1,1.040476079425589,-3.303889348662379
c07,66,Class 0,1,-1.8785592826205295,-6.9666321534557865
c07,67,Class 0,1,3.6348627263995374,-0.5690085386180291
c07,68,Class 0,1,6.994657703742771,-3.1591625855343124
c08,0,Class 1,0,7.665559598653016,7.244042591171003
c08,1,Class 0,0,8.28588036888542,-0.9427376895454512
c08,2,Class 1,0,4.603136941052011,2.5790977344068784
c08,3,Class 1,1,-1.3018420189766868,-1.4765755309444963
c08,4,Class 1,0,1.4343756160982493,-1.99088902794966
c08,5,Class 1,0,14.152286501367016,5.643406267501322
c08,6,Class 1,0,7.472727202993782,1.3751763348087516
c08,7,Class 1,0,6.687426881292309,0.7841403067959679
c08,8,Class 1,0,1.6818302260777669,4.37451125288296
c08,9,Class 1,1,-0.7781906959218048,1.2502087422235504
c08,10,Class 0,0,5.258610494865526,-1.7051774066473238
c08,11,Class 1,1,-2.1094933392497848,-1.3580799105798085
c08,12,Class 0,1,-8.280122387332524,-7.445053839927067
c08,13,Class 0,0,3.6669104485791646,1.03756594142989
c08,14,Class 0,0,3.6963677718969374,-0.7286215385731292
c08,15,Class 1,1,-1.063046792154437,-2.521084979229666
c08,16,Class 1,1,-2.237561287283475,-3.503270012850006
c08,17,Class 1,0,1.2180525141489982,1.206411220360209
c08,18,Class 1,1,0.9871496327797152,-0.605235455690933
c08,19,Class 0,1,-0.4905849754306574,4.330754695803378
c08,20,Class 0,0,4.635407218343902,-0.2721520887537457
c08,21,Class 0,0,2.5413623538077106,-0.8165433658462845
c08,22,Class 1,1,-2.779284253964741,-5.999385529879055
c08,23,Class 1,0,1.353999224852111,-1.7785763324240456
c08,24,Class 1,0,2.6757551802793045,-3.0061263567254533
c08,25,Class 0,0,1.6977671529843037,-1.6059445028529746
c08,26,Class 1,0,2.324767380055377,1.588957785220362
c08,27,Class 1,0,-3.452739185829351,5.765825933622622
c08,28,Class 1,1,-1.341696572205727,2.8053166445477857
c08,29,Class 1,1,-1.02731435109712,-0.3969786685417087
c08,30,Class 1,0,3.86678482840764,-0.8349662356299526
c08,31,Class 0,0,6.940801223048852,0.3626170554068569
c08,32,Class 0,0,3.3442979581199146,-0.1828133470308191
c08,33,Class 0,1,1.2707708102047366,-5.106938897014785
c08,34,Class 1,0,5.088418104821212,-1.1987493849016766
c08,35,Class 1,1,-1.204627313562098,0.2944575679637563
c08,36,Class 1,0,2.6598481964408203,-0.1587068215747427
c08,37,Class 0,0,4.085327058475715,-2.846396181778218
c08,38,Class 0,1,0.4135788395419686,5.705926970933637
c08,39,Class 0,0,3.958499858064247,-0.6219498697937821
c08,40,Class 1,0,1.2618227316480282,6.276044530167985
c08,41,Class 1,1,-1.7897187319737689,-2.9962874718689947
c08,42,Class 1,1,-2.545147620169462,11.6031155806839
c08,43,Class 1,0,6.8164270378558935,-0.7821941077726086
c08,44,Class 1,1,-3.4620058326866725,2.243762820126672
c08,45,Class 1,0,2.6458492029689893,-2.379110908095478
c08,46,Class 1,1,-0.6024757178714697,-1.4764222936844245
c08,47,Class 1,1,-2.2262839145903177,0.6922340600135465
c08,48,Class 0,0,2.9567796753426285,0.266266015214343
c08,49,Class 0,1,-1.4253844321501654,-0.1467615443206213
c08,50,Class 0,1,-2.815021163338268,5.619682317098402
c08,51,Class 1,1,-4.484734954438519,-2.6761480000318767
c08,52,Class 0,1,-0.2173288020478874,-3.6369766562321018
c08,53,Class 0,1,0.6858460322103168,-6.5549014476673975
c08,54,Class 0,1,-4.766448155059466,-1.5796298404677822
c08,55,Class 1,1,-1.6961201932642824,1.6172161891486312
c08,56,Class 1,0,2.4763731428245928,-1.938249422015878
c08,57,Class 1,1,-7.374288919546624,-0.4484055384811227
c08,58,Class 1,1,-13.8868276809531,-0.0857994464526372
c08,59,Class 1,0,2.074501203135765,-4.417766263616156
c08,60,Class 0,1,-0.9277442446347096,-5.847089945996732
c08,61,Class 0,1,-1.948961034906606,1.7540529472965485
c08,62,Class 0,0,2.379622577678261,0.5466440521680835
c08,63,Class 1,0,-2.9480380305925737,4.466084334192421
c08,64,Class 1,1,-1.7322914110642342,0.4675862452626538
c08,65,Class 0,1,-4.445573939394369,-3.3194605843927656
c08,66,Class 0,0,5.382822169428176,1.744293259225706
c08,67,Class 0,1,-1.8065130858990543,-2.334164574473575
c08,68,Class 1,1,-2.2233730673760035,-5.844381637823336
c08,69,Class 1,0,0.1382359518389815,-0.2579044428575154
c08,70,Class 0,1,-1.965853046172487,-0.371829586456575
c08,71,Class 0,0,-0.3779591310735851,3.696419868210811
c08,72,Class 0,1,-6.380871266073909,3.383594218329573
c08,73,Class 1,1,-8.756066518886321,1.4260220924506892
c08,74,Class 1,1,-1.7626996738748653,-7.206241443362428
c08,75,Class 1,1,-1.9869224963948493,-0.3669018128292476
c08,76,Class 0,1,-6.261413182182061,-1.9199340018252025
c08,77,Class 0,0,0.990569844064886,-4.92150447368174
c08,78,Class 0,1,-2.99545418423616,4.702446060966116
c08,79,Class 0,1,0.4267751544724816,3.220106721921922
c08,80,Class 0,1,-4.194146701331963,-5.511783638037157
c08,81,Class 0,1,-11.530478430451168,16.546293077132955
c08,82,Class 1,0,0.5174744308095169,1.1510540291451123
c08,83,Class 0,1,-4.033272930365883,-3.212316129519713
c08,84,Class 1,1,-0.6614623289742346,0.0111454057267575
c08,85,Class 0,1,-3.9979367268735855,-3.832837220734671
c08,86,Class 0,0,-0.5522715522137196,2.083206308611434
c08,87,Class 0,0,2.426793533654521,1.302268229209328
c09,0,Class 1,0,5.050692588983023,-0.7399747744559149
c09,1,Class 1,0,2.4091608103093414,-2.9234076824183584
c09,2,Class 1,1,-2.0588849352018705,0.7712209381464011
c09,3,Class 1,0,8.656036967913098,2.368759645220184
c09,4,Class 0,1,-6.695078308226401,-2.959665308114793
c09,5,Class 0,1,0.3030340611054936,-2.318599275668596
c09,6,Class 0,1,-6.467539954372696,3.68330920936029
c09,7,Class 1,1,0.7715130792186664,-2.3545711865965964
c09,8,Class 1,0,2.6222460394927603,3.99716236427079
c09,9,Class 1,0,6.90304521370408,-3.022462501574435
c09,10,Class 0,1,-6.708833227543464,-4.221890214596475
c09,11,Class 0,0,5.968665660714991,1.82407823320177
c09,12,Class 0,1,-7.774688111910746,-4.580648059785745
c09,13,Class 1,1,-1.1640609082860178,-2.9727427835201805
c09,14,Class 1,0,3.846968160021373,1.4977964578839489
c09,15,Class 0,0,4.700016670351533,-3.069274430459069
c09,16,Class 0,1,-1.4250028823682124,0.8935390026779726
c09,17,Class 0,1,1.5341818298920908,1.3355108860213192
c09,18,Class 1,1,-1.3860586758012547,-1.8255133815032376
c09,19,Class 1,0,2.1890454627415634,-1.1196860802909658
c09,20,Class 1,0,4.537308851062353,-1.2858005427340824
c09,21,Class 0,0,5.072635384515428,-6.738440598150351
c09,22,Class 0,0,1.0220688839463312,3.7215033973270986
c09,23,Class 0,0,6.384415268774095,1.857309657998791
c09,24,Class 1,0,-1.89382814729778,18.382504578735443
c09,25,Class 1,1,-4.506981879944829,-5.71195301876309
c09,26,Class 1,1,-1.737889501917636,-4.9765937084597605
c09,27,Class 0,1,-4.675910779334274,4.065252222486886
c09,28,Class 0,1,0.3654513727963523,-0.9041019111712584
c09,29,Class 0,1,-3.036569400293294,-1.4938984092548555
c09,30,Class 1,0,4.67661346000497,-1.0173571497940936
c09,31,Class 0,1,-1.3829063299108224,-0.1024422031611125
c09,32,Class 0,1,-0.7898415701525981,-2.1364023463147226
c09,33,Class 0,1,-0.006019770858588,-2.438928409723848
c09,34,Class 1,0,7.267801983965425,-3.1131320885102327
c09,35,Class 1,0,3.7491706269187777,0.021049485510015
c09,36,Class 1,0,7.078220518383347,2.7718702071751675
c09,37,Class 0,1,-11.071814307363953,-4.71618399231064
c09,38,Class 0,1,1.2759064155370008,-0.0795752498409461
c09,39,Class 0,1,-2.358737266103175,3.944788138850028
c09,40,Class 1,1,-1.418917487888021,0.2047734731709773
c09,41,Class 0,0,0.2445831452005646,4.223386680786175
c09,42,Class 0,1,-10.823403403305688,4.996119829541518
c09,43,Class 0,1,-9.44682347398647,-0.2060504132677622
c09,44,Class 1,0,4.875416270230609,0.1990674846385159
c09,45,Class 1,0,6.249916142441865,-2.749130389282776
c09,46,Class 1,0,2.7369910157516117,-2.054612108450791
c09,47,Class 0,1,-3.830451339932104,-0.8738363019953257
c09,48,Class 0,1,-2.876799388817877,2.668087979026576
c09,49,Class 0,1,-5.071593401302073,4.407868851229696
c09,50,Class 0,1,-0.8071478037781246,0.0880951522418777
c09,51,Class 0,1,-4.241110001693255,-2.905240002030817
c09,52,Class 0,1,-5.589308564808467,-0.938628012748898
c09,53,Class 1,0,2.673281945908691,9.211234813975326
c09,54,Class 1,0,2.433546726279723,0.235181001468644
c09,55,Class 1,1,0.437190936291272,-3.5420141758068446
c09,56,Class 0,1,1.4080398622646493,3.569669323145113
c09,57,Class 0,0,0.0166435008075807,4.30614122876123
c09,58,Class 0,0,4.308629777657818,-2.00183230728555
c09,59,Class 1,0,4.174713264011725,-1.3848879292391556
c09,60,Class 1,1,-2.6210516703200724,-3.2744101000544674
c09,61,Class 0,0,3.735337298527884,0.9006071462386697
c09,62,Class 0,1,-4.42275767200988,0.8827334795176418
c09,63,Class 0,1,-3.388479030996447,-0.2747338212723356
c10,0,Class 1,1,-8.83103519592562,3.2749839816676416
c10,1,Class 0,1,-4.324061884280686,-4.588032357185886
c10,2,Class 0,0,0.100797671575797,-5.062078639226105
c10,3,Class 0,0,4.07973153742198,-4.048861562933541
c10,4,Class 1,1,0.794170021524617,-1.6603555497014224
c10,5,Class 1,0,7.566528873539223,-6.400242196761679
c10,6,Class 0,0,18.418088592253078,3.699519285779223
c10,7,Class 0,1,-2.6580666683197616,-2.5443045979894383
c10,8,Class 0,0,1.4438962348172275,-6.433749308847643
c10,9,Class 1,1,-2.224343296831365,2.80689398498472
c10,10,Class 1,0,0.7077903798195789,-0.3960282607702205
c10,11,Class 0,1,-6.333107298793972,1.7475464492304909
c10,12,Class 0,0,22.97215471382766,-0.7967717337099921
c10,13,Class 0,1,-1.284282234620007,11.452919467861287
c10,14,Class 1,0,2.875454360840796,-0.522383131280728
c10,15,Class 0,1,0.8199000572915891,6.892434504977039
c10,16,Class 0,0,0.648219995979436,-3.5839689453303527
c10,17,Class 0,0,1.4639841758172387,-1.0452884397048527
c10,18,Class 1,1,-6.911655255982301,6.241268083158379
c10,19,Class 0,0,7.580677998132891,-2.662355758221009
c10,20,Class 0,1,0.5186785530696891,-0.561624614096181
c10,21,Class 0,1,-2.044513896063616,0.7327095221115234
c10,22,Class 1,1,-2.783444243681768,-0.7855888076538114
c10,23,Class 1,0,0.5342775666298915,-5.527538664796794
c10,24,Class 1,1,-5.144493895194582,1.586227556456009
c10,25,Class 1,1,-1.5590013673707157,-1.7223903001966077
c10,26,Class 0,1,-1.4048887889114678,0.0963570282490087
c10,27,Class 0,1,-5.337558906396553,0.1561395626825159
c10,28,Class 0,1,1.6766806038172448,4.378404767476541
c10,29,Class 1,0,5.026580519918683,8.823416598378117
c10,30,Class 0,0,-0.6511502119463871,-2.5387108934918543
c10,31,Class 0,0,3.695161716840676,-0.4122814998204167
c10,32,Class 0,1,-1.4171491046374378,10.073475737418752
c10,33,Class 1,1,-5.175087235068058,0.013512237304715
c10,34,Class 1,1,-3.5545072182644155,-3.140574128039223
c10,35,Class 1,0,8.972044280098284,-1.4481376775525847
c10,36,Class 0,1,-8.692922631245718,0.463612374386004
c10,37,Class 0,1,-2.509299506101484,-0.3695361905267637
c10,38,Class 0,1,-0.8321052819430028,-1.621635684608552
c10,39,Class 1,1,-3.764170051595769,1.8082487154334117
c10,40,Class 1,0,2.8442714020175783,-8.406001995570977
c10,41,Class 1,1,-5.0985021862260425,-0.3496814939279095
c10,42,Class 0,1,-4.614637751384407,-2.647605197819653
c10,43,Class 0,0,3.7544535889780986,-4.349340630155287
c10,44,Class 0,1,-3.456612162509359,-2.1568261373503006
c10,45,Class 1,0,-0.1744356048185171,-5.527292427080809
c10,46,Class 1,1,-2.9911929908625616,-1.1806451338098016
c10,47,Class 1,1,-0.0399553093316452,6.867476058685323
c10,48,Class 0,1,-6.793579834861163,0.9892818406832408
c10,49,Class 0,1,-3.412502874166746,-4.6332350422203294
c10,50,Class 0,1,0.4031970055346959,6.91063747149479
c10,51,Class 1,0,9.890199128040445,11.35057264342061
c10,52,Class 1,1,-5.062485880433099,-1.1535124043924172
c10,53,Class 1,1,-5.850918369729139,2.510274411512319
c10,54,Class 1,1,0.6859876633790837,-1.6846400050892278
c10,55,Class 0,1,-4.781263303715443,-0.4875173948609587
c10,56,Class 0,0,1.9937317454864087,-0.7583779299603104
c10,57,Class 0,1,-2.1701306127736264,-0.9602410385839302
c10,58,Class 1,0,4.3699369822700005,2.266361265083007
c10,59,Class 1,0,2.639462839843992,-0.904796453545044
c10,60,Class 0,0,2.227116715101998,-1.5806518162872825
c10,61,Class 0,0,1.6058780891060285,2.7412210444267733
c10,62,Class 0,0,1.574008041012549,-3.230690549761559
c11,0,Class 1,0,-3.31302049545314,-2.981743456793001
c11,1,Class 0,0,1.957267379577452,-1.5782597843013673
c11,2,Class 0,0,-1.7307987994516003,-1.7324535359600697
c11,3,Class 0,0,3.944001555443954,-3.1484863495721904
c11,4,Class 1,0,0.7217393036369639,-4.099510591613382
c11,5,Class 1,0,-6.250897054226056,2.079485942684762
c11,6,Class 1,0,0.6330582716346532,-0.9304222524415798
c11,7,Class 1,0,-6.542007846363171,-0.9696170355396452
c11,8,Class 1,0,-2.375055766483997,-1.4153538096617588
c11,9,Class 1,0,-1.749914946997639,-4.332521991201589
c11,10,Class 1,0,-3.1613357283041355,0.4868202943617657
c11,11,Class 1,0,-3.390655811286253,-4.41373802706674
c11,12,Class 0,0,0.4427653345942534,-1.8137702795905315
c11,13,Class 0,0,-3.644522298610193,-0.3584550880046849
c11,14,Class 0,0,-6.762802181971772,-1.6620440568950314
c11,15,Class 1,0,-6.8248947199560925,-0.4948914228282745
c11,16,Class 1,0,-6.990063450789127,0.3598121161441373
c11,17,Class 1,0,-5.1958086923721,1.530244322808657
c11,18,Class 0,0,-4.952626122515728,-2.168272536521833
c11,19,Class 0,0,-6.155901073061042,5.477185840316334
c11,20,Class 0,0,-6.246582361353693,-0.3950865611527785
c11,21,Class 1,0,-8.854996225056349,1.2521443164571442
c11,22,Class 0,0,-1.053923743701288,1.6295887087607417
c11,23,Class 0,0,-3.523609677052032,-1.765939923467234
c11,24,Class 0,0,-6.729199524676884,0.4005756220122058
c11,25,Class 1,0,-12.67686718805179,4.337859482413691
c11,26,Class 1,0,-3.484706300257409,-2.808445962908003
c11,27,Class 0,0,-0.0827737171416501,-1.1645749424604632
c11,28,Class 0,0,-0.1165221330657105,-2.207450730357591
c11,29,Class 0,0,-3.6020123800086297,1.7870263400333397
c11,30,Class 1,0,-2.230742639434094,1.2468860468999186
c11,31,Class 1,0,-5.916649389106611,-1.8301719423231628
c11,32,Class 1,0,-1.6499671208979048,0.2694370399313419
c11,33,Class 1,0,-0.6240013811132012,0.4823652875340995
c11,34,Class 0,0,-4.7785128083185615,-0.3090257820311884
c11,35,Class 0,0,-0.4804757276144186,0.5357831685146303
c11,36,Class 0,0,-1.4864347630681594,2.0943419130792216
c11,37,Class 1,0,1.923423680633488,-2.017590205937751
c11,38,Class 1,0,-3.0625457182728244,-2.828765421888422
c11,39,Class 0,0,3.900907381036943,0.7690158665419541
c11,40,Class 0,0,-4.243727666763444,10.997987701960986
c11,41,Class 0,0,1.7445452751645756,0.4176586878863546
c11,42,Class 1,0,-6.290651653177919,3.258552225330895
c11,43,Class 1,0,0.6756175564411335,-1.9324393448594903
c11,44,Class 1,0,-7.62997067893559,-1.5680871072823117
c11,45,Class 1,0,4.652874185797408,-3.72879940915066
c11,46,Class 1,1,8.596593888460806,-3.255675798545943
c11,47,Class 0,0,2.4137911514542947,1.1979121820190286
c11,48,Class 0,0,-4.707639926973496,3.500323705166798
c11,49,Class 0,0,-0.0438514581275004,2.9200459124894387
c11,50,Class 1,0,-0.1312700494702915,-0.972064605634503
c11,51,Class 0,0,-1.8357395235968903,0.4139913656638729
c11,52,Class 0,1,3.890181140362045,-1.9367604021121991
c11,53,Class 0,0,-0.1755079161954624,-2.8967110221914023
c11,54,Class 1,0,-2.9896746505872165,-2.395767408282057
c11,55,Class 1,0,0.6256718159846375,-0.1692297246975156
c11,56,Class 0,0,2.664865808739284,2.178243466461338
c11,57,Class 0,1,10.519372152625674,-1.4618889601967788
c11,58,Class 0,1,7.756507152168785,-3.3859436772877105
c11,59,Class 1,1,14.825168320049038,-0.2492173080848469
c11,60,Class 1,1,9.790413947809126,-0.6732616814554162
c11,61,Class 1,1,3.387799579508827,0.9517009042170704
c11,62,Class 0,1,7.821661096364671,1.6079038923190574
c11,63,Class 0,0,4.049569306842608,-1.5138201857773614
c11,64,Class 0,1,13.86108984135916,-4.553693854412788
c11,65,Class 1,2,9.917077194345072,35.179591700905746
c11,66,Class 1,1,7.372477734859034,-1.2313973873292714
c11,67,Class 1,0,3.3020471242518408,-0.3759313346746979
c11,68,Class 1,1,1.5082155203168468,-1.472282790222976
c11,69,Class 0,1,9.775605334963377,-2.48727742114653
c11,70,Class 0,1,6.944324568968958,-0.8975963603540362
c11,71,Class 0,1,14.070228706466173,-2.778046578697764
