FEATURE,MEAN_ABSOLUTE_SHAP
Fz_spect_entropy,0.17820461
PSD_Fz_25.5Hz,0.102865405
F2_spect_entropy,0.09911857
PSD_F2_37.8Hz,0.09820705
F2_kurtosis,0.09485583
PSD_FCz_18.9Hz,0.09216794
PSD_F2_1.1Hz,0.090910085
PSD_Fz_18.9Hz,0.08597391
PSD_FCz_8.9Hz,0.0838592
PSD_F3_30.0Hz,0.07613977
F6_kurtosis,0.07535287
FCz_hjorth_mobility,0.07213435
PSD_Fz_28.9Hz,0.0712285
F4_hjorth_mobility,0.069871806
PSD_F6_3.3Hz,0.06962041
PSD_F3_18.9Hz,0.069131866
F6_hjorth_mobility,0.06768307
PSD_F4_20.0Hz,0.060800806
FCz_spect_entropy,0.059711777
PSD_FCz_34.4Hz,0.05963998
PSD_F3_37.8Hz,0.05949773
F6_skewness,0.05924438
PSD_F4_13.3Hz,0.054781925
PSD_Fz_35.5Hz,0.05399537
F4_skewness,0.05286729
PSD_F6_31.1Hz,0.052786585
FCz_svd_entropy,0.052100126
PSD_FCz_31.1Hz,0.049939696
PSD_F2_34.4Hz,0.04983565
F6_hjorth_complexity,0.04884452
PSD_F4_15.5Hz,0.04733937
PSD_F6_10.0Hz,0.047124073
PSD_Fz_32.2Hz,0.046464626
PSD_F4_16.7Hz,0.046215724
PSD_F4_10.0Hz,0.045711126
PSD_F3_3.3Hz,0.043623175
PSD_F3_25.5Hz,0.043607756
PSD_F2_21.1Hz,0.04343327
PSD_F6_20.0Hz,0.04300425
PSD_F6_15.5Hz,0.04282001
PSD_F4_5.6Hz,0.041379005
PSD_F4_40.0Hz,0.04114671
F4_line_length,0.04081037
PSD_Fz_38.9Hz,0.040694956
PSD_F2_40.0Hz,0.040661484
PSD_F6_13.3Hz,0.04043291
PSD_F3_22.2Hz,0.039963342
PSD_F3_6.7Hz,0.03951601
PSD_F6_26.7Hz,0.039310798
F4_kurtosis,0.037344113
PSD_Fz_33.3Hz,0.03718942
PSD_F2_15.5Hz,0.03710951
PSD_F3_38.9Hz,0.036585793
PSD_F2_27.8Hz,0.03614617
PSD_F4_26.7Hz,0.035868987
PSD_F3_16.7Hz,0.034925815
F3_spect_entropy,0.03481302
PSD_F6_8.9Hz,0.0340883
PSD_F4_27.8Hz,0.033883665
PSD_FCz_3.3Hz,0.033729557
PSD_F6_40.0Hz,0.033084463
PSD_FCz_40.0Hz,0.032593474
PSD_F6_22.2Hz,0.03226688
PSD_FCz_6.7Hz,0.032153413
PSD_F3_20.0Hz,0.032128904
PSD_FCz_37.8Hz,0.032051835
F6_spect_entropy,0.032025717
PSD_F4_17.8Hz,0.031919908
PSD_FCz_22.2Hz,0.031685837
PSD_F6_38.9Hz,0.03160645
PSD_F4_3.3Hz,0.031489372
PSD_Fz_30.0Hz,0.031112956
PSD_Fz_27.8Hz,0.030441158
PSD_F3_10.0Hz,0.030096669
F2_hjorth_mobility,0.029876417
PSD_F3_15.5Hz,0.029439043
PSD_FCz_1.1Hz,0.028991206
PSD_F6_33.3Hz,0.028948909
PSD_F3_21.1Hz,0.028788147
FCz_line_length,0.028712653
PSD_F4_23.3Hz,0.02820043
PSD_F6_17.8Hz,0.027990084
PSD_F3_8.9Hz,0.027915416
PSD_F2_38.9Hz,0.027459456
PSD_F3_14.4Hz,0.02736988
PSD_F6_37.8Hz,0.027182687
PSD_F3_32.2Hz,0.027046513
PSD_Fz_24.4Hz,0.026650416
F3_line_length,0.026640994
PSD_FCz_16.7Hz,0.026585586
F2_hjorth_complexity,0.025742508
PSD_F3_17.8Hz,0.025599122
PSD_Fz_36.7Hz,0.025413193
PSD_F4_35.5Hz,0.024965925
PSD_Fz_37.8Hz,0.02462206
PSD_F6_36.7Hz,0.024263667
F3_hjorth_complexity,0.02389109
PSD_F4_6.7Hz,0.023616163
PSD_Fz_13.3Hz,0.023553591
PSD_Fz_6.7Hz,0.023433268
PSD_FCz_26.7Hz,0.023329569
Fz_skewness,0.022634434
PSD_F3_33.3Hz,0.022613786
PSD_F2_4.4Hz,0.022135105
F6_samp_entropy,0.022086216
PSD_FCz_38.9Hz,0.02184056
PSD_F3_4.4Hz,0.021791227
PSD_F6_35.5Hz,0.021763304
PSD_F6_11.1Hz,0.021582678
PSD_F3_26.7Hz,0.021563828
PSD_F2_32.2Hz,0.021390297
F4_hjorth_complexity,0.021132577
PSD_Fz_16.7Hz,0.02103564
PSD_FCz_5.6Hz,0.020874871
PSD_F4_34.4Hz,0.020305427
PSD_F6_2.2Hz,0.020066172
PSD_F2_26.7Hz,0.019595074
PSD_F6_1.1Hz,0.019430948
PSD_Fz_17.8Hz,0.019396048
PSD_F4_21.1Hz,0.019363321
PSD_F2_17.8Hz,0.018728765
PSD_F6_32.2Hz,0.018056288
PSD_F3_24.4Hz,0.017605927
PSD_F2_16.7Hz,0.01705029
PSD_F4_24.4Hz,0.016773067
PSD_F2_28.9Hz,0.016710855
PSD_Fz_5.6Hz,0.016623458
PSD_F2_23.3Hz,0.016166158
PSD_F2_25.5Hz,0.015970998
PSD_F6_6.7Hz,0.015921853
PSD_FCz_7.8Hz,0.015714344
PSD_F4_30.0Hz,0.015708802
FCz_app_entropy,0.015682466
F2_line_length,0.01563847
PSD_F4_4.4Hz,0.015516143
PSD_F4_12.2Hz,0.0154869715
PSD_F4_7.8Hz,0.015428859
PSD_FCz_33.3Hz,0.015301948
PSD_F2_3.3Hz,0.015165371
Fz_samp_entropy,0.01448434
PSD_FCz_15.5Hz,0.014422731
PSD_Fz_8.9Hz,0.01364907
PSD_FCz_2.2Hz,0.0132056475
F2_app_entropy,0.013140058
PSD_F2_5.6Hz,0.013052266
PSD_FCz_24.4Hz,0.012998878
PSD_F2_12.2Hz,0.012897629
PSD_F3_2.2Hz,0.012808782
PSD_F4_37.8Hz,0.012751593
PSD_Fz_34.4Hz,0.012551069
PSD_Fz_22.2Hz,0.012543471
PSD_F4_28.9Hz,0.012499895
PSD_FCz_32.2Hz,0.012437531
PSD_F4_36.7Hz,0.01232048
F4_spect_entropy,0.012069758
PSD_F4_38.9Hz,0.0118752
PSD_F6_5.6Hz,0.011755601
PSD_FCz_12.2Hz,0.0113930935
PSD_FCz_10.0Hz,0.011366406
PSD_F4_25.5Hz,0.011199936
PSD_Fz_26.7Hz,0.011148906
PSD_Fz_1.1Hz,0.011099824
PSD_FCz_30.0Hz,0.010946394
FCz_hjorth_complexity,0.010674099
PSD_F3_23.3Hz,0.010570487
PSD_FCz_25.5Hz,0.010276254
PSD_Fz_14.4Hz,0.010088931
PSD_FCz_17.8Hz,0.010046922
PSD_F6_7.8Hz,0.009958777
PSD_F2_8.9Hz,0.009911618
FCz_skewness,0.0098894695
PSD_F2_18.9Hz,0.009838921
F2_zero_crossings,0.009784338
PSD_F4_1.1Hz,0.009765748
PSD_F2_6.7Hz,0.009753384
PSD_F4_33.3Hz,0.0097433645
FCz_samp_entropy,0.009677453
PSD_FCz_35.5Hz,0.0096380515
PSD_FCz_20.0Hz,0.009591318
PSD_F6_24.4Hz,0.009589696
F3_skewness,0.00902522
PSD_Fz_11.1Hz,0.008930456
PSD_F3_13.3Hz,0.008904792
PSD_F2_33.3Hz,0.008848959
PSD_F4_8.9Hz,0.008692364
PSD_Fz_31.1Hz,0.008646981
PSD_F3_40.0Hz,0.008616975
PSD_F3_35.5Hz,0.008460901
F3_kurtosis,0.008415557
Fz_kurtosis,0.008294859
PSD_F3_7.8Hz,0.008047136
PSD_F3_11.1Hz,0.0075596203
PSD_F6_14.4Hz,0.0074782073
F6_line_length,0.0074616875
PSD_F6_12.2Hz,0.007408411
Fz_svd_entropy,0.0074042263
PSD_F2_10.0Hz,0.007365133
PSD_F3_27.8Hz,0.007242712
PSD_F4_32.2Hz,0.0069290805
PSD_F6_28.9Hz,0.0069131358
PSD_F6_27.8Hz,0.0067913653
PSD_Fz_3.3Hz,0.0067413417
PSD_F2_31.1Hz,0.0066923364
PSD_F2_20.0Hz,0.006636612
PSD_Fz_12.2Hz,0.0064215655
F4_samp_entropy,0.0063294303
PSD_Fz_21.1Hz,0.006177728
F3_hjorth_mobility,0.005926648
PSD_F3_1.1Hz,0.005834267
PSD_F3_5.6Hz,0.005739227
PSD_F4_14.4Hz,0.0057265563
PSD_FCz_28.9Hz,0.005725007
PSD_F6_23.3Hz,0.005565834
PSD_Fz_10.0Hz,0.0053585055
PSD_F6_30.0Hz,0.0053229774
PSD_F2_22.2Hz,0.005264333
PSD_F6_34.4Hz,0.005173928
PSD_F6_25.5Hz,0.0051578386
PSD_F6_4.4Hz,0.0051404964
PSD_Fz_7.8Hz,0.0049304063
Fz_hjorth_mobility,0.0047305743
PSD_FCz_11.1Hz,0.004539459
PSD_F6_18.9Hz,0.004516129
PSD_FCz_36.7Hz,0.004469552
PSD_FCz_13.3Hz,0.0043016216
Fz_line_length,0.0041933674
PSD_F2_13.3Hz,0.0040671686
PSD_F2_14.4Hz,0.0040595946
F3_zero_crossings,0.004043562
F3_svd_entropy,0.003706611
PSD_FCz_23.3Hz,0.0036775845
PSD_Fz_23.3Hz,0.003617133
PSD_F6_21.1Hz,0.0035952455
Fz_hjorth_complexity,0.0035881556
PSD_F3_12.2Hz,0.0035106735
F3_samp_entropy,0.00344223
PSD_F4_18.9Hz,0.0034106856
PSD_FCz_21.1Hz,0.0034015907
PSD_F3_28.9Hz,0.0033228581
PSD_F3_34.4Hz,0.003279178
PSD_F3_31.1Hz,0.003162591
F3_app_entropy,0.0031317638
PSD_F4_2.2Hz,0.003067346
PSD_F6_16.7Hz,0.0030406574
PSD_FCz_4.4Hz,0.002928114
PSD_Fz_15.5Hz,0.0029137244
PSD_Fz_20.0Hz,0.0029122683
PSD_F2_2.2Hz,0.0027745278
FCz_zero_crossings,0.002734313
F2_svd_entropy,0.0026138667
PSD_Fz_4.4Hz,0.0025866905
PSD_F2_7.8Hz,0.0024315065
Fz_zero_crossings,0.0022291506
PSD_F4_22.2Hz,0.001921248
PSD_F4_31.1Hz,0.0018861386
Fz_app_entropy,0.0018494022
PSD_F4_11.1Hz,0.0018367872
PSD_Fz_2.2Hz,0.0018048849
PSD_F2_36.7Hz,0.0016551238
PSD_F2_35.5Hz,0.0015932088
F4_zero_crossings,0.0015382272
FCz_kurtosis,0.0014852715
F6_app_entropy,0.0013774608
F2_skewness,0.0013533044
F4_app_entropy,0.0012612855
F2_samp_entropy,0.0010765967
PSD_F2_11.1Hz,0.00093113683
F4_svd_entropy,0.0009173242
PSD_FCz_14.4Hz,0.0009071654
PSD_F2_24.4Hz,0.00081922696
PSD_F3_36.7Hz,0.0
PSD_F2_30.0Hz,0.0
PSD_Fz_40.0Hz,0.0
F6_svd_entropy,0.0
F6_zero_crossings,0.0
PSD_FCz_27.8Hz,0.0
